,precision,recall,f1-score,support
negative,0.6712328767123288,0.532608695652174,0.593939393939394,92.0
neutral,0.5773195876288659,0.5773195876288659,0.5773195876288659,97.0
positive,0.8718929254302104,0.9047619047619048,0.8880233690360273,504.0
accuracy,0.8095238095238095,0.8095238095238095,0.8095238095238095,0.8095238095238095
macro avg,0.7068151299238017,0.6715633960143149,0.6864274502014291,693.0
weighted avg,0.8040223074666093,0.8095238095238095,0.8054923553197432,693.0
