fold,accuracy,f1_macro
1,0.8253968253968254,0.7150247919371568
2,0.8311688311688312,0.7274303225471499
3,0.8643578643578643,0.7669599531326446
4,0.8268398268398268,0.7269434918503243
5,0.8181818181818182,0.7124233285246618
